{"epoch":1,"_wandb":{"runtime":210},"loss":0.2709920406341553,"_timestamp":1.7308218057466218e+09,"_runtime":210.687286058,"_step":49999}