{"loss":1.167824149131775,"_timestamp":1.7308212555436475e+09,"_runtime":321.974387423,"_step":49999,"_wandb":{"runtime":321},"epoch":1}