{"_step":25565,"_wandb":{"runtime":323},"epoch":1,"loss":1.1958286762237549,"_timestamp":1.7308204349429157e+09,"_runtime":323.386886694}