{"loss":1.1337518692016602,"_timestamp":1.7308223052149658e+09,"_wandb":{"runtime":89},"_runtime":89.632677736,"_step":15629,"epoch":9}