{"loss":0.7391807436943054,"_timestamp":1.7308226556167421e+09,"_runtime":150.889688363,"_step":31259,"epoch":19,"_wandb":{"runtime":150}}